path,title,creator_or_rights_holder,source_url,original_license_or_terms,license_url_or_notes
other-spacecraft/Clementine/Clementine-1024px.png,,repo maintainers,https://github.com/gamedaygeorge/satellite-visuals,CC BY 4.0,rendered from Clementine.svg via tools/render_pngs.mjs
other-spacecraft/Clementine/Clementine-512px.png,,repo maintainers,https://github.com/gamedaygeorge/satellite-visuals,CC BY 4.0,rendered from Clementine.svg via tools/render_pngs.mjs
other-spacecraft/Clementine/Clementine-icon.svg,,repo maintainers,https://github.com/gamedaygeorge/satellite-visuals,CC BY 4.0,https://creativecommons.org/licenses/by/4.0/
other-spacecraft/Clementine/Clementine.svg,,repo maintainers,https://github.com/gamedaygeorge/satellite-visuals,CC BY 4.0,https://creativecommons.org/licenses/by/4.0/
other-spacecraft/Geotail/Geotail-1024px.png,,repo maintainers,https://github.com/gamedaygeorge/satellite-visuals,CC BY 4.0,rendered from Geotail.svg via tools/render_pngs.mjs
other-spacecraft/Geotail/Geotail-512px.png,,repo maintainers,https://github.com/gamedaygeorge/satellite-visuals,CC BY 4.0,rendered from Geotail.svg via tools/render_pngs.mjs
other-spacecraft/Geotail/Geotail-icon.svg,,repo maintainers,https://github.com/gamedaygeorge/satellite-visuals,CC BY 4.0,https://creativecommons.org/licenses/by/4.0/
other-spacecraft/Geotail/Geotail.svg,,repo maintainers,https://github.com/gamedaygeorge/satellite-visuals,CC BY 4.0,https://creativecommons.org/licenses/by/4.0/
other-spacecraft/IBEX/IBEX-1024px.png,,repo maintainers,https://github.com/gamedaygeorge/satellite-visuals,CC BY 4.0,rendered from IBEX.svg via tools/render_pngs.mjs
other-spacecraft/IBEX/IBEX-512px.png,,repo maintainers,https://github.com/gamedaygeorge/satellite-visuals,CC BY 4.0,rendered from IBEX.svg via tools/render_pngs.mjs
other-spacecraft/IBEX/IBEX-icon.svg,,repo maintainers,https://github.com/gamedaygeorge/satellite-visuals,CC BY 4.0,https://creativecommons.org/licenses/by/4.0/
other-spacecraft/IBEX/IBEX.svg,,repo maintainers,https://github.com/gamedaygeorge/satellite-visuals,CC BY 4.0,https://creativecommons.org/licenses/by/4.0/
satellites/ACRIMSAT/ACRIMSAT-1024px.png,,repo maintainers,https://github.com/gamedaygeorge/satellite-visuals,CC BY 4.0,rendered from ACRIMSAT.svg via tools/render_pngs.mjs
satellites/ACRIMSAT/ACRIMSAT-512px.png,,repo maintainers,https://github.com/gamedaygeorge/satellite-visuals,CC BY 4.0,rendered from ACRIMSAT.svg via tools/render_pngs.mjs
satellites/ACRIMSAT/ACRIMSAT-icon.svg,,repo maintainers,https://github.com/gamedaygeorge/satellite-visuals,CC BY 4.0,https://creativecommons.org/licenses/by/4.0/
satellites/ACRIMSAT/ACRIMSAT.svg,,repo maintainers,https://github.com/gamedaygeorge/satellite-visuals,CC BY 4.0,https://creativecommons.org/licenses/by/4.0/
satellites/AMAZONIA-1/AMAZONIA-1-1024px.png,,repo maintainers,https://github.com/gamedaygeorge/satellite-visuals,CC BY 4.0,rendered from AMAZONIA-1.svg via tools/render_pngs.mjs
satellites/AMAZONIA-1/AMAZONIA-1-512px.png,,repo maintainers,https://github.com/gamedaygeorge/satellite-visuals,CC BY 4.0,rendered from AMAZONIA-1.svg via tools/render_pngs.mjs
satellites/AMAZONIA-1/AMAZONIA-1-icon.svg,,repo maintainers,https://github.com/gamedaygeorge/satellite-visuals,CC BY 4.0,https://creativecommons.org/licenses/by/4.0/
satellites/AMAZONIA-1/AMAZONIA-1.svg,,repo maintainers,https://github.com/gamedaygeorge/satellite-visuals,CC BY 4.0,https://creativecommons.org/licenses/by/4.0/
satellites/AWS/AWS-1024px.png,,repo maintainers,https://github.com/gamedaygeorge/satellite-visuals,CC BY 4.0,rendered from AWS.svg via tools/render_pngs.mjs
satellites/AWS/AWS-512px.png,,repo maintainers,https://github.com/gamedaygeorge/satellite-visuals,CC BY 4.0,rendered from AWS.svg via tools/render_pngs.mjs
satellites/AWS/AWS-icon.svg,,repo maintainers,https://github.com/gamedaygeorge/satellite-visuals,CC BY 4.0,https://creativecommons.org/licenses/by/4.0/
satellites/AWS/AWS.svg,,repo maintainers,https://github.com/gamedaygeorge/satellite-visuals,CC BY 4.0,https://creativecommons.org/licenses/by/4.0/
satellites/CSG-2/CSG-2-1024px.png,,repo maintainers,https://github.com/gamedaygeorge/satellite-visuals,CC BY 4.0,rendered from CSG-2.svg via tools/render_pngs.mjs
satellites/CSG-2/CSG-2-512px.png,,repo maintainers,https://github.com/gamedaygeorge/satellite-visuals,CC BY 4.0,rendered from CSG-2.svg via tools/render_pngs.mjs
satellites/CSG-2/CSG-2-icon.svg,,repo maintainers,https://github.com/gamedaygeorge/satellite-visuals,CC BY 4.0,https://creativecommons.org/licenses/by/4.0/
satellites/CSG-2/CSG-2.svg,,repo maintainers,https://github.com/gamedaygeorge/satellite-visuals,CC BY 4.0,https://creativecommons.org/licenses/by/4.0/
satellites/CYGNSS/CYGNSS-1024px.png,,repo maintainers,https://github.com/gamedaygeorge/satellite-visuals,CC BY 4.0,rendered from CYGNSS.svg via tools/render_pngs.mjs
satellites/CYGNSS/CYGNSS-512px.png,,repo maintainers,https://github.com/gamedaygeorge/satellite-visuals,CC BY 4.0,rendered from CYGNSS.svg via tools/render_pngs.mjs
satellites/CYGNSS/CYGNSS-icon.svg,,repo maintainers,https://github.com/gamedaygeorge/satellite-visuals,CC BY 4.0,https://creativecommons.org/licenses/by/4.0/
satellites/CYGNSS/CYGNSS.svg,,repo maintainers,https://github.com/gamedaygeorge/satellite-visuals,CC BY 4.0,https://creativecommons.org/licenses/by/4.0/
satellites/DSCOVR/DSCOVR-1024px.png,,repo maintainers,https://github.com/gamedaygeorge/satellite-visuals,CC BY 4.0,rendered from DSCOVR.svg via tools/render_pngs.mjs
satellites/DSCOVR/DSCOVR-512px.png,,repo maintainers,https://github.com/gamedaygeorge/satellite-visuals,CC BY 4.0,rendered from DSCOVR.svg via tools/render_pngs.mjs
satellites/DSCOVR/DSCOVR-icon.svg,,repo maintainers,https://github.com/gamedaygeorge/satellite-visuals,CC BY 4.0,https://creativecommons.org/licenses/by/4.0/
satellites/DSCOVR/DSCOVR.svg,,repo maintainers,https://github.com/gamedaygeorge/satellite-visuals,CC BY 4.0,https://creativecommons.org/licenses/by/4.0/
satellites/DubaiSat-2/DubaiSat-2-1024px.png,,repo maintainers,https://github.com/gamedaygeorge/satellite-visuals,CC BY 4.0,rendered from DubaiSat-2.svg via tools/render_pngs.mjs
satellites/DubaiSat-2/DubaiSat-2-512px.png,,repo maintainers,https://github.com/gamedaygeorge/satellite-visuals,CC BY 4.0,rendered from DubaiSat-2.svg via tools/render_pngs.mjs
satellites/DubaiSat-2/DubaiSat-2-icon.svg,,repo maintainers,https://github.com/gamedaygeorge/satellite-visuals,CC BY 4.0,https://creativecommons.org/licenses/by/4.0/
satellites/DubaiSat-2/DubaiSat-2.svg,,repo maintainers,https://github.com/gamedaygeorge/satellite-visuals,CC BY 4.0,https://creativecommons.org/licenses/by/4.0/
satellites/FY-1/FY-1-1024px.png,,repo maintainers,https://github.com/gamedaygeorge/satellite-visuals,CC BY 4.0,rendered from FY-1.svg via tools/render_pngs.mjs
satellites/FY-1/FY-1-512px.png,,repo maintainers,https://github.com/gamedaygeorge/satellite-visuals,CC BY 4.0,rendered from FY-1.svg via tools/render_pngs.mjs
satellites/FY-1/FY-1-icon.svg,,repo maintainers,https://github.com/gamedaygeorge/satellite-visuals,CC BY 4.0,https://creativecommons.org/licenses/by/4.0/
satellites/FY-1/FY-1.svg,,repo maintainers,https://github.com/gamedaygeorge/satellite-visuals,CC BY 4.0,https://creativecommons.org/licenses/by/4.0/
satellites/FY-3C/FY-3C-1024px.png,,repo maintainers,https://github.com/gamedaygeorge/satellite-visuals,CC BY 4.0,rendered from FY-3C.svg via tools/render_pngs.mjs
satellites/FY-3C/FY-3C-512px.png,,repo maintainers,https://github.com/gamedaygeorge/satellite-visuals,CC BY 4.0,rendered from FY-3C.svg via tools/render_pngs.mjs
satellites/FY-3C/FY-3C-icon.svg,,repo maintainers,https://github.com/gamedaygeorge/satellite-visuals,CC BY 4.0,https://creativecommons.org/licenses/by/4.0/
satellites/FY-3C/FY-3C.svg,,repo maintainers,https://github.com/gamedaygeorge/satellite-visuals,CC BY 4.0,https://creativecommons.org/licenses/by/4.0/
satellites/GOCE/GOCE-1024px.png,,repo maintainers,https://github.com/gamedaygeorge/satellite-visuals,CC BY 4.0,rendered from GOCE.svg via tools/render_pngs.mjs
satellites/GOCE/GOCE-512px.png,,repo maintainers,https://github.com/gamedaygeorge/satellite-visuals,CC BY 4.0,rendered from GOCE.svg via tools/render_pngs.mjs
satellites/GOCE/GOCE-icon.svg,,repo maintainers,https://github.com/gamedaygeorge/satellite-visuals,CC BY 4.0,https://creativecommons.org/licenses/by/4.0/
satellites/GOCE/GOCE.svg,,repo maintainers,https://github.com/gamedaygeorge/satellite-visuals,CC BY 4.0,https://creativecommons.org/licenses/by/4.0/
satellites/GOLD/GOLD-1024px.png,,repo maintainers,https://github.com/gamedaygeorge/satellite-visuals,CC BY 4.0,rendered from GOLD.svg via tools/render_pngs.mjs
satellites/GOLD/GOLD-512px.png,,repo maintainers,https://github.com/gamedaygeorge/satellite-visuals,CC BY 4.0,rendered from GOLD.svg via tools/render_pngs.mjs
satellites/GOLD/GOLD-icon.svg,,repo maintainers,https://github.com/gamedaygeorge/satellite-visuals,CC BY 4.0,https://creativecommons.org/licenses/by/4.0/
satellites/GOLD/GOLD.svg,,repo maintainers,https://github.com/gamedaygeorge/satellite-visuals,CC BY 4.0,https://creativecommons.org/licenses/by/4.0/
satellites/GOMX4/GOMX4-1024px.png,,repo maintainers,https://github.com/gamedaygeorge/satellite-visuals,CC BY 4.0,rendered from GOMX4.svg via tools/render_pngs.mjs
satellites/GOMX4/GOMX4-512px.png,,repo maintainers,https://github.com/gamedaygeorge/satellite-visuals,CC BY 4.0,rendered from GOMX4.svg via tools/render_pngs.mjs
satellites/GOMX4/GOMX4-icon.svg,,repo maintainers,https://github.com/gamedaygeorge/satellite-visuals,CC BY 4.0,https://creativecommons.org/licenses/by/4.0/
satellites/GOMX4/GOMX4.svg,,repo maintainers,https://github.com/gamedaygeorge/satellite-visuals,CC BY 4.0,https://creativecommons.org/licenses/by/4.0/
satellites/HotSat-1/HotSat-1-1024px.png,,repo maintainers,https://github.com/gamedaygeorge/satellite-visuals,CC BY 4.0,rendered from HotSat-1.svg via tools/render_pngs.mjs
satellites/HotSat-1/HotSat-1-512px.png,,repo maintainers,https://github.com/gamedaygeorge/satellite-visuals,CC BY 4.0,rendered from HotSat-1.svg via tools/render_pngs.mjs
satellites/HotSat-1/HotSat-1-icon.svg,,repo maintainers,https://github.com/gamedaygeorge/satellite-visuals,CC BY 4.0,https://creativecommons.org/licenses/by/4.0/
satellites/HotSat-1/HotSat-1.svg,,repo maintainers,https://github.com/gamedaygeorge/satellite-visuals,CC BY 4.0,https://creativecommons.org/licenses/by/4.0/
satellites/ICEsat/ICEsat-1024px.png,,repo maintainers,https://github.com/gamedaygeorge/satellite-visuals,CC BY 4.0,rendered from ICEsat.svg via tools/render_pngs.mjs
satellites/ICEsat/ICEsat-512px.png,,repo maintainers,https://github.com/gamedaygeorge/satellite-visuals,CC BY 4.0,rendered from ICEsat.svg via tools/render_pngs.mjs
satellites/ICEsat/ICEsat-icon.svg,,repo maintainers,https://github.com/gamedaygeorge/satellite-visuals,CC BY 4.0,https://creativecommons.org/licenses/by/4.0/
satellites/ICEsat/ICEsat.svg,,repo maintainers,https://github.com/gamedaygeorge/satellite-visuals,CC BY 4.0,https://creativecommons.org/licenses/by/4.0/
satellites/LARES/LARES-1024px.png,,repo maintainers,https://github.com/gamedaygeorge/satellite-visuals,CC BY 4.0,rendered from LARES.svg via tools/render_pngs.mjs
satellites/LARES/LARES-512px.png,,repo maintainers,https://github.com/gamedaygeorge/satellite-visuals,CC BY 4.0,rendered from LARES.svg via tools/render_pngs.mjs
satellites/LARES/LARES-icon.svg,,repo maintainers,https://github.com/gamedaygeorge/satellite-visuals,CC BY 4.0,https://creativecommons.org/licenses/by/4.0/
satellites/LARES/LARES.svg,,repo maintainers,https://github.com/gamedaygeorge/satellite-visuals,CC BY 4.0,https://creativecommons.org/licenses/by/4.0/
satellites/Light-1/Light-1-1024px.png,,repo maintainers,https://github.com/gamedaygeorge/satellite-visuals,CC BY 4.0,rendered from Light-1.svg via tools/render_pngs.mjs
satellites/Light-1/Light-1-512px.png,,repo maintainers,https://github.com/gamedaygeorge/satellite-visuals,CC BY 4.0,rendered from Light-1.svg via tools/render_pngs.mjs
satellites/Light-1/Light-1-icon.svg,,repo maintainers,https://github.com/gamedaygeorge/satellite-visuals,CC BY 4.0,https://creativecommons.org/licenses/by/4.0/
satellites/Light-1/Light-1.svg,,repo maintainers,https://github.com/gamedaygeorge/satellite-visuals,CC BY 4.0,https://creativecommons.org/licenses/by/4.0/
satellites/NPOESS-2/NPOESS-2-1024px.png,,repo maintainers,https://github.com/gamedaygeorge/satellite-visuals,CC BY 4.0,rendered from NPOESS-2.svg via tools/render_pngs.mjs
satellites/NPOESS-2/NPOESS-2-512px.png,,repo maintainers,https://github.com/gamedaygeorge/satellite-visuals,CC BY 4.0,rendered from NPOESS-2.svg via tools/render_pngs.mjs
satellites/NPOESS-2/NPOESS-2-icon.svg,,repo maintainers,https://github.com/gamedaygeorge/satellite-visuals,CC BY 4.0,https://creativecommons.org/licenses/by/4.0/
satellites/NPOESS-2/NPOESS-2.svg,,repo maintainers,https://github.com/gamedaygeorge/satellite-visuals,CC BY 4.0,https://creativecommons.org/licenses/by/4.0/
satellites/PRISMA/PRISMA-1024px.png,,repo maintainers,https://github.com/gamedaygeorge/satellite-visuals,CC BY 4.0,rendered from PRISMA.svg via tools/render_pngs.mjs
satellites/PRISMA/PRISMA-512px.png,,repo maintainers,https://github.com/gamedaygeorge/satellite-visuals,CC BY 4.0,rendered from PRISMA.svg via tools/render_pngs.mjs
satellites/PRISMA/PRISMA-icon.svg,,repo maintainers,https://github.com/gamedaygeorge/satellite-visuals,CC BY 4.0,https://creativecommons.org/licenses/by/4.0/
satellites/PRISMA/PRISMA.svg,,repo maintainers,https://github.com/gamedaygeorge/satellite-visuals,CC BY 4.0,https://creativecommons.org/licenses/by/4.0/
satellites/Pleiades-1B/Pleiades-1B-1024px.png,,repo maintainers,https://github.com/gamedaygeorge/satellite-visuals,CC BY 4.0,rendered from Pleiades-1B.svg via tools/render_pngs.mjs
satellites/Pleiades-1B/Pleiades-1B-512px.png,,repo maintainers,https://github.com/gamedaygeorge/satellite-visuals,CC BY 4.0,rendered from Pleiades-1B.svg via tools/render_pngs.mjs
satellites/Pleiades-1B/Pleiades-1B-icon.svg,,repo maintainers,https://github.com/gamedaygeorge/satellite-visuals,CC BY 4.0,https://creativecommons.org/licenses/by/4.0/
satellites/Pleiades-1B/Pleiades-1B.svg,,repo maintainers,https://github.com/gamedaygeorge/satellite-visuals,CC BY 4.0,https://creativecommons.org/licenses/by/4.0/
satellites/RapidEye/RapidEye-1024px.png,,repo maintainers,https://github.com/gamedaygeorge/satellite-visuals,CC BY 4.0,rendered from RapidEye.svg via tools/render_pngs.mjs
satellites/RapidEye/RapidEye-512px.png,,repo maintainers,https://github.com/gamedaygeorge/satellite-visuals,CC BY 4.0,rendered from RapidEye.svg via tools/render_pngs.mjs
satellites/RapidEye/RapidEye-icon.svg,,repo maintainers,https://github.com/gamedaygeorge/satellite-visuals,CC BY 4.0,https://creativecommons.org/licenses/by/4.0/
satellites/RapidEye/RapidEye.svg,,repo maintainers,https://github.com/gamedaygeorge/satellite-visuals,CC BY 4.0,https://creativecommons.org/licenses/by/4.0/
satellites/Resurs-01-N2/Resurs-01-N2-1024px.png,,repo maintainers,https://github.com/gamedaygeorge/satellite-visuals,CC BY 4.0,rendered from Resurs-01-N2.svg via tools/render_pngs.mjs
satellites/Resurs-01-N2/Resurs-01-N2-512px.png,,repo maintainers,https://github.com/gamedaygeorge/satellite-visuals,CC BY 4.0,rendered from Resurs-01-N2.svg via tools/render_pngs.mjs
satellites/Resurs-01-N2/Resurs-01-N2-icon.svg,,repo maintainers,https://github.com/gamedaygeorge/satellite-visuals,CC BY 4.0,https://creativecommons.org/licenses/by/4.0/
satellites/Resurs-01-N2/Resurs-01-N2.svg,,repo maintainers,https://github.com/gamedaygeorge/satellite-visuals,CC BY 4.0,https://creativecommons.org/licenses/by/4.0/
satellites/SMOS/SMOS-1024px.png,,repo maintainers,https://github.com/gamedaygeorge/satellite-visuals,CC BY 4.0,rendered from SMOS.svg via tools/render_pngs.mjs
satellites/SMOS/SMOS-512px.png,,repo maintainers,https://github.com/gamedaygeorge/satellite-visuals,CC BY 4.0,rendered from SMOS.svg via tools/render_pngs.mjs
satellites/SMOS/SMOS-icon.svg,,repo maintainers,https://github.com/gamedaygeorge/satellite-visuals,CC BY 4.0,https://creativecommons.org/licenses/by/4.0/
satellites/SMOS/SMOS.svg,,repo maintainers,https://github.com/gamedaygeorge/satellite-visuals,CC BY 4.0,https://creativecommons.org/licenses/by/4.0/
satellites/SORCE/SORCE-1024px.png,,repo maintainers,https://github.com/gamedaygeorge/satellite-visuals,CC BY 4.0,rendered from SORCE.svg via tools/render_pngs.mjs
satellites/SORCE/SORCE-512px.png,,repo maintainers,https://github.com/gamedaygeorge/satellite-visuals,CC BY 4.0,rendered from SORCE.svg via tools/render_pngs.mjs
satellites/SORCE/SORCE-icon.svg,,repo maintainers,https://github.com/gamedaygeorge/satellite-visuals,CC BY 4.0,https://creativecommons.org/licenses/by/4.0/
satellites/SORCE/SORCE.svg,,repo maintainers,https://github.com/gamedaygeorge/satellite-visuals,CC BY 4.0,https://creativecommons.org/licenses/by/4.0/
satellites/SWOT/SWOT-1024px.png,,repo maintainers,https://github.com/gamedaygeorge/satellite-visuals,CC BY 4.0,rendered from SWOT.svg via tools/render_pngs.mjs
satellites/SWOT/SWOT-512px.png,,repo maintainers,https://github.com/gamedaygeorge/satellite-visuals,CC BY 4.0,rendered from SWOT.svg via tools/render_pngs.mjs
satellites/SWOT/SWOT-icon.svg,,repo maintainers,https://github.com/gamedaygeorge/satellite-visuals,CC BY 4.0,https://creativecommons.org/licenses/by/4.0/
satellites/SWOT/SWOT.svg,,repo maintainers,https://github.com/gamedaygeorge/satellite-visuals,CC BY 4.0,https://creativecommons.org/licenses/by/4.0/
satellites/TIMED/TIMED-1024px.png,,repo maintainers,https://github.com/gamedaygeorge/satellite-visuals,CC BY 4.0,rendered from TIMED.svg via tools/render_pngs.mjs
satellites/TIMED/TIMED-512px.png,,repo maintainers,https://github.com/gamedaygeorge/satellite-visuals,CC BY 4.0,rendered from TIMED.svg via tools/render_pngs.mjs
satellites/TIMED/TIMED-icon.svg,,repo maintainers,https://github.com/gamedaygeorge/satellite-visuals,CC BY 4.0,https://creativecommons.org/licenses/by/4.0/
satellites/TIMED/TIMED.svg,,repo maintainers,https://github.com/gamedaygeorge/satellite-visuals,CC BY 4.0,https://creativecommons.org/licenses/by/4.0/
satellites/TerraSAR-X/TerraSAR-X-1024px.png,,repo maintainers,https://github.com/gamedaygeorge/satellite-visuals,CC BY 4.0,rendered from TerraSAR-X.svg via tools/render_pngs.mjs
satellites/TerraSAR-X/TerraSAR-X-512px.png,,repo maintainers,https://github.com/gamedaygeorge/satellite-visuals,CC BY 4.0,rendered from TerraSAR-X.svg via tools/render_pngs.mjs
satellites/TerraSAR-X/TerraSAR-X-icon.svg,,repo maintainers,https://github.com/gamedaygeorge/satellite-visuals,CC BY 4.0,https://creativecommons.org/licenses/by/4.0/
satellites/TerraSAR-X/TerraSAR-X.svg,,repo maintainers,https://github.com/gamedaygeorge/satellite-visuals,CC BY 4.0,https://creativecommons.org/licenses/by/4.0/
satellites/ace/ACE-1024px.png,,repo maintainers,https://github.com/gamedaygeorge/satellite-visuals,CC BY 4.0,rendered from ACE.svg via tools/render_pngs.mjs
satellites/ace/ACE-512px.png,,repo maintainers,https://github.com/gamedaygeorge/satellite-visuals,CC BY 4.0,rendered from ACE.svg via tools/render_pngs.mjs
satellites/ace/ACE-icon.svg,,repo maintainers,https://github.com/gamedaygeorge/satellite-visuals,CC BY 4.0,https://creativecommons.org/licenses/by/4.0/
satellites/ace/ACE.svg,,repo maintainers,https://github.com/gamedaygeorge/satellite-visuals,CC BY 4.0,https://creativecommons.org/licenses/by/4.0/
satellites/alos-2/alos-2-1024px.png,,repo maintainers,https://github.com/gamedaygeorge/satellite-visuals,CC BY 4.0,rendered from alos-2.svg via tools/render_pngs.mjs
satellites/alos-2/alos-2-512px.png,,repo maintainers,https://github.com/gamedaygeorge/satellite-visuals,CC BY 4.0,rendered from alos-2.svg via tools/render_pngs.mjs
satellites/alos-2/alos-2-icon.svg,,repo maintainers,https://github.com/gamedaygeorge/satellite-visuals,CC BY 4.0,https://creativecommons.org/licenses/by/4.0/
satellites/alos-2/alos-2.svg,,repo maintainers,https://github.com/gamedaygeorge/satellite-visuals,CC BY 4.0,https://creativecommons.org/licenses/by/4.0/
satellites/alos-4/alos-4-1024px.png,,repo maintainers,https://github.com/gamedaygeorge/satellite-visuals,CC BY 4.0,rendered from alos-4.svg via tools/render_pngs.mjs
satellites/alos-4/alos-4-512px.png,,repo maintainers,https://github.com/gamedaygeorge/satellite-visuals,CC BY 4.0,rendered from alos-4.svg via tools/render_pngs.mjs
satellites/alos-4/alos-4-icon.svg,,repo maintainers,https://github.com/gamedaygeorge/satellite-visuals,CC BY 4.0,https://creativecommons.org/licenses/by/4.0/
satellites/alos-4/alos-4.svg,,repo maintainers,https://github.com/gamedaygeorge/satellite-visuals,CC BY 4.0,https://creativecommons.org/licenses/by/4.0/
satellites/cfosat/cfosat-1024px.png,,repo maintainers,https://github.com/gamedaygeorge/satellite-visuals,CC BY 4.0,rendered from cfosat.svg via tools/render_pngs.mjs
satellites/cfosat/cfosat-512px.png,,repo maintainers,https://github.com/gamedaygeorge/satellite-visuals,CC BY 4.0,rendered from cfosat.svg via tools/render_pngs.mjs
satellites/cfosat/cfosat-icon.svg,,repo maintainers,https://github.com/gamedaygeorge/satellite-visuals,CC BY 4.0,https://creativecommons.org/licenses/by/4.0/
satellites/cfosat/cfosat.svg,,repo maintainers,https://github.com/gamedaygeorge/satellite-visuals,CC BY 4.0,https://creativecommons.org/licenses/by/4.0/
satellites/cloudsat/CloudSat-1024px.png,,repo maintainers,https://github.com/gamedaygeorge/satellite-visuals,CC BY 4.0,rendered from CloudSat.svg via tools/render_pngs.mjs
satellites/cloudsat/CloudSat-512px.png,,repo maintainers,https://github.com/gamedaygeorge/satellite-visuals,CC BY 4.0,rendered from CloudSat.svg via tools/render_pngs.mjs
satellites/cloudsat/CloudSat-icon.svg,,repo maintainers,https://github.com/gamedaygeorge/satellite-visuals,CC BY 4.0,https://creativecommons.org/licenses/by/4.0/
satellites/cloudsat/CloudSat.svg,,repo maintainers,https://github.com/gamedaygeorge/satellite-visuals,CC BY 4.0,https://creativecommons.org/licenses/by/4.0/
satellites/cryosat-2/cryosat-2-1024px.png,,repo maintainers,https://github.com/gamedaygeorge/satellite-visuals,CC BY 4.0,rendered from cryosat-2.svg via tools/render_pngs.mjs
satellites/cryosat-2/cryosat-2-512px.png,,repo maintainers,https://github.com/gamedaygeorge/satellite-visuals,CC BY 4.0,rendered from cryosat-2.svg via tools/render_pngs.mjs
satellites/cryosat-2/cryosat-2-icon.svg,,repo maintainers,https://github.com/gamedaygeorge/satellite-visuals,CC BY 4.0,https://creativecommons.org/licenses/by/4.0/
satellites/cryosat-2/cryosat-2.svg,,repo maintainers,https://github.com/gamedaygeorge/satellite-visuals,CC BY 4.0,https://creativecommons.org/licenses/by/4.0/
satellites/dubaisat-1/DubaiSat-1-1024px.png,,repo maintainers,https://github.com/gamedaygeorge/satellite-visuals,CC BY 4.0,rendered from DubaiSat-1.svg via tools/render_pngs.mjs
satellites/dubaisat-1/DubaiSat-1-512px.png,,repo maintainers,https://github.com/gamedaygeorge/satellite-visuals,CC BY 4.0,rendered from DubaiSat-1.svg via tools/render_pngs.mjs
satellites/dubaisat-1/DubaiSat-1-icon.svg,,repo maintainers,https://github.com/gamedaygeorge/satellite-visuals,CC BY 4.0,https://creativecommons.org/licenses/by/4.0/
satellites/dubaisat-1/DubaiSat-1.svg,,repo maintainers,https://github.com/gamedaygeorge/satellite-visuals,CC BY 4.0,https://creativecommons.org/licenses/by/4.0/
satellites/ePOPonCassiope/ePOPonCassiope-1024px.png,,repo maintainers,https://github.com/gamedaygeorge/satellite-visuals,CC BY 4.0,rendered from ePOPonCassiope.svg via tools/render_pngs.mjs
satellites/ePOPonCassiope/ePOPonCassiope-512px.png,,repo maintainers,https://github.com/gamedaygeorge/satellite-visuals,CC BY 4.0,rendered from ePOPonCassiope.svg via tools/render_pngs.mjs
satellites/ePOPonCassiope/ePOPonCassiope-icon.svg,,repo maintainers,https://github.com/gamedaygeorge/satellite-visuals,CC BY 4.0,https://creativecommons.org/licenses/by/4.0/
satellites/ePOPonCassiope/ePOPonCassiope.svg,,repo maintainers,https://github.com/gamedaygeorge/satellite-visuals,CC BY 4.0,https://creativecommons.org/licenses/by/4.0/
satellites/earthcare/earthcare-1024px.png,,repo maintainers,https://github.com/gamedaygeorge/satellite-visuals,CC BY 4.0,rendered from earthcare.svg via tools/render_pngs.mjs
satellites/earthcare/earthcare-512px.png,,repo maintainers,https://github.com/gamedaygeorge/satellite-visuals,CC BY 4.0,rendered from earthcare.svg via tools/render_pngs.mjs
satellites/earthcare/earthcare-icon.svg,,repo maintainers,https://github.com/gamedaygeorge/satellite-visuals,CC BY 4.0,https://creativecommons.org/licenses/by/4.0/
satellites/earthcare/earthcare.svg,,repo maintainers,https://github.com/gamedaygeorge/satellite-visuals,CC BY 4.0,https://creativecommons.org/licenses/by/4.0/
satellites/earthdaily-constellation/earthdaily-constellation-1024px.png,,repo maintainers,https://github.com/gamedaygeorge/satellite-visuals,CC BY 4.0,rendered from earthdaily-constellation.svg via tools/render_pngs.mjs
satellites/earthdaily-constellation/earthdaily-constellation-512px.png,,repo maintainers,https://github.com/gamedaygeorge/satellite-visuals,CC BY 4.0,rendered from earthdaily-constellation.svg via tools/render_pngs.mjs
satellites/earthdaily-constellation/earthdaily-constellation-icon.svg,,repo maintainers,https://github.com/gamedaygeorge/satellite-visuals,CC BY 4.0,https://creativecommons.org/licenses/by/4.0/
satellites/earthdaily-constellation/earthdaily-constellation.svg,,repo maintainers,https://github.com/gamedaygeorge/satellite-visuals,CC BY 4.0,https://creativecommons.org/licenses/by/4.0/
satellites/envisat/envisat-1024px.png,,repo maintainers,https://github.com/gamedaygeorge/satellite-visuals,CC BY 4.0,rendered from envisat.svg via tools/render_pngs.mjs
satellites/envisat/envisat-512px.png,,repo maintainers,https://github.com/gamedaygeorge/satellite-visuals,CC BY 4.0,rendered from envisat.svg via tools/render_pngs.mjs
satellites/envisat/envisat-icon.svg,,repo maintainers,https://github.com/gamedaygeorge/satellite-visuals,CC BY 4.0,https://creativecommons.org/licenses/by/4.0/
satellites/envisat/envisat.svg,,repo maintainers,https://github.com/gamedaygeorge/satellite-visuals,CC BY 4.0,https://creativecommons.org/licenses/by/4.0/
satellites/goes-16/goes-16-1024px.png,,repo maintainers,https://github.com/gamedaygeorge/satellite-visuals,CC BY 4.0,rendered from goes-16.svg via tools/render_pngs.mjs
satellites/goes-16/goes-16-512px.png,,repo maintainers,https://github.com/gamedaygeorge/satellite-visuals,CC BY 4.0,rendered from goes-16.svg via tools/render_pngs.mjs
satellites/goes-16/goes-16-icon.svg,,repo maintainers,https://github.com/gamedaygeorge/satellite-visuals,CC BY 4.0,https://creativecommons.org/licenses/by/4.0/
satellites/goes-16/goes-16.svg,,repo maintainers,https://github.com/gamedaygeorge/satellite-visuals,CC BY 4.0,https://creativecommons.org/licenses/by/4.0/
satellites/goes-19/GOES-19-icon.svg,,repo maintainers,https://github.com/gamedaygeorge/satellite-visuals,CC BY 4.0,https://creativecommons.org/licenses/by/4.0/
satellites/goes-19/goes-19-1024px.png,,repo maintainers,https://github.com/gamedaygeorge/satellite-visuals,CC BY 4.0,rendered from goes-19.svg via tools/render_pngs.mjs
satellites/goes-19/goes-19-512px.png,,repo maintainers,https://github.com/gamedaygeorge/satellite-visuals,CC BY 4.0,rendered from goes-19.svg via tools/render_pngs.mjs
satellites/goes-19/goes-19.svg,,repo maintainers,https://github.com/gamedaygeorge/satellite-visuals,CC BY 4.0,https://creativecommons.org/licenses/by/4.0/
satellites/gosat-gw/gosat-gw-1024px.png,,repo maintainers,https://github.com/gamedaygeorge/satellite-visuals,CC BY 4.0,rendered from gosat-gw.svg via tools/render_pngs.mjs
satellites/gosat-gw/gosat-gw-512px.png,,repo maintainers,https://github.com/gamedaygeorge/satellite-visuals,CC BY 4.0,rendered from gosat-gw.svg via tools/render_pngs.mjs
satellites/gosat-gw/gosat-gw-icon.svg,,repo maintainers,https://github.com/gamedaygeorge/satellite-visuals,CC BY 4.0,https://creativecommons.org/licenses/by/4.0/
satellites/gosat-gw/gosat-gw.svg,,repo maintainers,https://github.com/gamedaygeorge/satellite-visuals,CC BY 4.0,https://creativecommons.org/licenses/by/4.0/
satellites/jason-1/Jason-1-1024px.png,,repo maintainers,https://github.com/gamedaygeorge/satellite-visuals,CC BY 4.0,rendered from Jason-1.svg via tools/render_pngs.mjs
satellites/jason-1/Jason-1-512px.png,,repo maintainers,https://github.com/gamedaygeorge/satellite-visuals,CC BY 4.0,rendered from Jason-1.svg via tools/render_pngs.mjs
satellites/jason-1/Jason-1-icon.svg,,repo maintainers,https://github.com/gamedaygeorge/satellite-visuals,CC BY 4.0,https://creativecommons.org/licenses/by/4.0/
satellites/jason-1/Jason-1.svg,,repo maintainers,https://github.com/gamedaygeorge/satellite-visuals,CC BY 4.0,https://creativecommons.org/licenses/by/4.0/
satellites/jason-2/OSTM-Jason-2-1024px.png,,repo maintainers,https://github.com/gamedaygeorge/satellite-visuals,CC BY 4.0,rendered from OSTM-Jason-2.svg via tools/render_pngs.mjs
satellites/jason-2/OSTM-Jason-2-512px.png,,repo maintainers,https://github.com/gamedaygeorge/satellite-visuals,CC BY 4.0,rendered from OSTM-Jason-2.svg via tools/render_pngs.mjs
satellites/jason-2/OSTM-Jason-2-icon.svg,,repo maintainers,https://github.com/gamedaygeorge/satellite-visuals,CC BY 4.0,https://creativecommons.org/licenses/by/4.0/
satellites/jason-2/OSTM-Jason-2.svg,,repo maintainers,https://github.com/gamedaygeorge/satellite-visuals,CC BY 4.0,https://creativecommons.org/licenses/by/4.0/
satellites/jason-3/jason-3-1024px.png,,repo maintainers,https://github.com/gamedaygeorge/satellite-visuals,CC BY 4.0,rendered from jason-3.svg via tools/render_pngs.mjs
satellites/jason-3/jason-3-512px.png,,repo maintainers,https://github.com/gamedaygeorge/satellite-visuals,CC BY 4.0,rendered from jason-3.svg via tools/render_pngs.mjs
satellites/jason-3/jason-3-icon.svg,,repo maintainers,https://github.com/gamedaygeorge/satellite-visuals,CC BY 4.0,https://creativecommons.org/licenses/by/4.0/
satellites/jason-3/jason-3.svg,,repo maintainers,https://github.com/gamedaygeorge/satellite-visuals,CC BY 4.0,https://creativecommons.org/licenses/by/4.0/
satellites/jpss-1/JPSS-1-1024px.png,,repo maintainers,https://github.com/gamedaygeorge/satellite-visuals,CC BY 4.0,rendered from JPSS-1.svg via tools/render_pngs.mjs
satellites/jpss-1/JPSS-1-512px.png,,repo maintainers,https://github.com/gamedaygeorge/satellite-visuals,CC BY 4.0,rendered from JPSS-1.svg via tools/render_pngs.mjs
satellites/jpss-1/JPSS-1-icon.svg,,repo maintainers,https://github.com/gamedaygeorge/satellite-visuals,CC BY 4.0,https://creativecommons.org/licenses/by/4.0/
satellites/jpss-1/JPSS-1.svg,,repo maintainers,https://github.com/gamedaygeorge/satellite-visuals,CC BY 4.0,https://creativecommons.org/licenses/by/4.0/
satellites/jpss-2/JPSS-2-1024px.png,,repo maintainers,https://github.com/gamedaygeorge/satellite-visuals,CC BY 4.0,rendered from JPSS-2.svg via tools/render_pngs.mjs
satellites/jpss-2/JPSS-2-512px.png,,repo maintainers,https://github.com/gamedaygeorge/satellite-visuals,CC BY 4.0,rendered from JPSS-2.svg via tools/render_pngs.mjs
satellites/jpss-2/JPSS-2-icon.svg,,repo maintainers,https://github.com/gamedaygeorge/satellite-visuals,CC BY 4.0,https://creativecommons.org/licenses/by/4.0/
satellites/jpss-2/JPSS-2.svg,,repo maintainers,https://github.com/gamedaygeorge/satellite-visuals,CC BY 4.0,https://creativecommons.org/licenses/by/4.0/
satellites/kalpana-1/Kalpana-1-1024px.png,,repo maintainers,https://github.com/gamedaygeorge/satellite-visuals,CC BY 4.0,rendered from Kalpana-1.svg via tools/render_pngs.mjs
satellites/kalpana-1/Kalpana-1-512px.png,,repo maintainers,https://github.com/gamedaygeorge/satellite-visuals,CC BY 4.0,rendered from Kalpana-1.svg via tools/render_pngs.mjs
satellites/kalpana-1/Kalpana-1-icon.svg,,repo maintainers,https://github.com/gamedaygeorge/satellite-visuals,CC BY 4.0,https://creativecommons.org/licenses/by/4.0/
satellites/kalpana-1/Kalpana-1.svg,,repo maintainers,https://github.com/gamedaygeorge/satellite-visuals,CC BY 4.0,https://creativecommons.org/licenses/by/4.0/
satellites/khalifasat/KhalifaSat-1024px.png,,repo maintainers,https://github.com/gamedaygeorge/satellite-visuals,CC BY 4.0,rendered from KhalifaSat.svg via tools/render_pngs.mjs
satellites/khalifasat/KhalifaSat-512px.png,,repo maintainers,https://github.com/gamedaygeorge/satellite-visuals,CC BY 4.0,rendered from KhalifaSat.svg via tools/render_pngs.mjs
satellites/khalifasat/KhalifaSat-icon.svg,,repo maintainers,https://github.com/gamedaygeorge/satellite-visuals,CC BY 4.0,https://creativecommons.org/licenses/by/4.0/
satellites/khalifasat/KhalifaSat.svg,,repo maintainers,https://github.com/gamedaygeorge/satellite-visuals,CC BY 4.0,https://creativecommons.org/licenses/by/4.0/
satellites/landsat-7/Landsat-7-1024px.png,,repo maintainers,https://github.com/gamedaygeorge/satellite-visuals,CC BY 4.0,rendered from Landsat-7.svg via tools/render_pngs.mjs
satellites/landsat-7/Landsat-7-512px.png,,repo maintainers,https://github.com/gamedaygeorge/satellite-visuals,CC BY 4.0,rendered from Landsat-7.svg via tools/render_pngs.mjs
satellites/landsat-7/Landsat-7-icon.svg,,repo maintainers,https://github.com/gamedaygeorge/satellite-visuals,CC BY 4.0,https://creativecommons.org/licenses/by/4.0/
satellites/landsat-7/Landsat-7.svg,,repo maintainers,https://github.com/gamedaygeorge/satellite-visuals,CC BY 4.0,https://creativecommons.org/licenses/by/4.0/
satellites/landsat-8/Landsat-8-1024px.png,,repo maintainers,https://github.com/gamedaygeorge/satellite-visuals,CC BY 4.0,rendered from Landsat-8.svg via tools/render_pngs.mjs
satellites/landsat-8/Landsat-8-512px.png,,repo maintainers,https://github.com/gamedaygeorge/satellite-visuals,CC BY 4.0,rendered from Landsat-8.svg via tools/render_pngs.mjs
satellites/landsat-8/Landsat-8-icon.svg,,repo maintainers,https://github.com/gamedaygeorge/satellite-visuals,CC BY 4.0,https://creativecommons.org/licenses/by/4.0/
satellites/landsat-8/Landsat-8.svg,,repo maintainers,https://github.com/gamedaygeorge/satellite-visuals,CC BY 4.0,https://creativecommons.org/licenses/by/4.0/
satellites/landsat-9/landsat9-1024px.png,,repo maintainers,https://github.com/gamedaygeorge/satellite-visuals,CC BY 4.0,rendered from landsat9.svg via tools/render_pngs.mjs
satellites/landsat-9/landsat9-512px.png,,repo maintainers,https://github.com/gamedaygeorge/satellite-visuals,CC BY 4.0,rendered from landsat9.svg via tools/render_pngs.mjs
satellites/landsat-9/landsat9-icon.svg,,repo maintainers,https://github.com/gamedaygeorge/satellite-visuals,CC BY 4.0,https://creativecommons.org/licenses/by/4.0/
satellites/landsat-9/landsat9.svg,,repo maintainers,https://github.com/gamedaygeorge/satellite-visuals,CC BY 4.0,https://creativecommons.org/licenses/by/4.0/
satellites/meteosat-10/Meteosat-10-1024px.png,,repo maintainers,https://github.com/gamedaygeorge/satellite-visuals,CC BY 4.0,rendered from Meteosat-10.svg via tools/render_pngs.mjs
satellites/meteosat-10/Meteosat-10-512px.png,,repo maintainers,https://github.com/gamedaygeorge/satellite-visuals,CC BY 4.0,rendered from Meteosat-10.svg via tools/render_pngs.mjs
satellites/meteosat-10/Meteosat-10-icon.svg,,repo maintainers,https://github.com/gamedaygeorge/satellite-visuals,CC BY 4.0,https://creativecommons.org/licenses/by/4.0/
satellites/meteosat-10/Meteosat-10.svg,,repo maintainers,https://github.com/gamedaygeorge/satellite-visuals,CC BY 4.0,https://creativecommons.org/licenses/by/4.0/
satellites/meteosat-11/meteosat-11-1024px.png,,repo maintainers,https://github.com/gamedaygeorge/satellite-visuals,CC BY 4.0,rendered from meteosat-11.svg via tools/render_pngs.mjs
satellites/meteosat-11/meteosat-11-512px.png,,repo maintainers,https://github.com/gamedaygeorge/satellite-visuals,CC BY 4.0,rendered from meteosat-11.svg via tools/render_pngs.mjs
satellites/meteosat-11/meteosat-11-icon.svg,,repo maintainers,https://github.com/gamedaygeorge/satellite-visuals,CC BY 4.0,https://creativecommons.org/licenses/by/4.0/
satellites/meteosat-11/meteosat-11.svg,,repo maintainers,https://github.com/gamedaygeorge/satellite-visuals,CC BY 4.0,https://creativecommons.org/licenses/by/4.0/
satellites/meteosat-3/Meteosat-3-1024px.png,,repo maintainers,https://github.com/gamedaygeorge/satellite-visuals,CC BY 4.0,rendered from Meteosat-3.svg via tools/render_pngs.mjs
satellites/meteosat-3/Meteosat-3-512px.png,,repo maintainers,https://github.com/gamedaygeorge/satellite-visuals,CC BY 4.0,rendered from Meteosat-3.svg via tools/render_pngs.mjs
satellites/meteosat-3/Meteosat-3-icon.svg,,repo maintainers,https://github.com/gamedaygeorge/satellite-visuals,CC BY 4.0,https://creativecommons.org/licenses/by/4.0/
satellites/meteosat-3/Meteosat-3.svg,,repo maintainers,https://github.com/gamedaygeorge/satellite-visuals,CC BY 4.0,https://creativecommons.org/licenses/by/4.0/
satellites/meteosat-9/meteosat-9-1024px.png,,repo maintainers,https://github.com/gamedaygeorge/satellite-visuals,CC BY 4.0,rendered from meteosat-9.svg via tools/render_pngs.mjs
satellites/meteosat-9/meteosat-9-512px.png,,repo maintainers,https://github.com/gamedaygeorge/satellite-visuals,CC BY 4.0,rendered from meteosat-9.svg via tools/render_pngs.mjs
satellites/meteosat-9/meteosat-9-icon.svg,,repo maintainers,https://github.com/gamedaygeorge/satellite-visuals,CC BY 4.0,https://creativecommons.org/licenses/by/4.0/
satellites/meteosat-9/meteosat-9.svg,,repo maintainers,https://github.com/gamedaygeorge/satellite-visuals,CC BY 4.0,https://creativecommons.org/licenses/by/4.0/
satellites/metop-b/metop-b-1024px.png,,repo maintainers,https://github.com/gamedaygeorge/satellite-visuals,CC BY 4.0,rendered from metop-b.svg via tools/render_pngs.mjs
satellites/metop-b/metop-b-512px.png,,repo maintainers,https://github.com/gamedaygeorge/satellite-visuals,CC BY 4.0,rendered from metop-b.svg via tools/render_pngs.mjs
satellites/metop-b/metop-b-icon.svg,,repo maintainers,https://github.com/gamedaygeorge/satellite-visuals,CC BY 4.0,https://creativecommons.org/licenses/by/4.0/
satellites/metop-b/metop-b.svg,,repo maintainers,https://github.com/gamedaygeorge/satellite-visuals,CC BY 4.0,https://creativecommons.org/licenses/by/4.0/
satellites/meznsat/Meznsat-1024px.png,,repo maintainers,https://github.com/gamedaygeorge/satellite-visuals,CC BY 4.0,rendered from Meznsat.svg via tools/render_pngs.mjs
satellites/meznsat/Meznsat-512px.png,,repo maintainers,https://github.com/gamedaygeorge/satellite-visuals,CC BY 4.0,rendered from Meznsat.svg via tools/render_pngs.mjs
satellites/meznsat/Meznsat-icon.svg,,repo maintainers,https://github.com/gamedaygeorge/satellite-visuals,CC BY 4.0,https://creativecommons.org/licenses/by/4.0/
satellites/meznsat/Meznsat.svg,,repo maintainers,https://github.com/gamedaygeorge/satellite-visuals,CC BY 4.0,https://creativecommons.org/licenses/by/4.0/
satellites/mtg-i1/MTG-i1-1024px.png,,repo maintainers,https://github.com/gamedaygeorge/satellite-visuals,CC BY 4.0,rendered from MTG-i1.svg via tools/render_pngs.mjs
satellites/mtg-i1/MTG-i1-512px.png,,repo maintainers,https://github.com/gamedaygeorge/satellite-visuals,CC BY 4.0,rendered from MTG-i1.svg via tools/render_pngs.mjs
satellites/mtg-i1/MTG-i1-icon.svg,,repo maintainers,https://github.com/gamedaygeorge/satellite-visuals,CC BY 4.0,https://creativecommons.org/licenses/by/4.0/
satellites/mtg-i1/MTG-i1.svg,,repo maintainers,https://github.com/gamedaygeorge/satellite-visuals,CC BY 4.0,https://creativecommons.org/licenses/by/4.0/
satellites/novasar-1/NovaSAR-1-1024px.png,,repo maintainers,https://github.com/gamedaygeorge/satellite-visuals,CC BY 4.0,rendered from NovaSAR-1.svg via tools/render_pngs.mjs
satellites/novasar-1/NovaSAR-1-512px.png,,repo maintainers,https://github.com/gamedaygeorge/satellite-visuals,CC BY 4.0,rendered from NovaSAR-1.svg via tools/render_pngs.mjs
satellites/novasar-1/NovaSAR-1-icon.svg,,repo maintainers,https://github.com/gamedaygeorge/satellite-visuals,CC BY 4.0,https://creativecommons.org/licenses/by/4.0/
satellites/novasar-1/NovaSAR-1.svg,,repo maintainers,https://github.com/gamedaygeorge/satellite-visuals,CC BY 4.0,https://creativecommons.org/licenses/by/4.0/
satellites/odin/Odin-1024px.png,,repo maintainers,https://github.com/gamedaygeorge/satellite-visuals,CC BY 4.0,rendered from Odin.svg via tools/render_pngs.mjs
satellites/odin/Odin-512px.png,,repo maintainers,https://github.com/gamedaygeorge/satellite-visuals,CC BY 4.0,rendered from Odin.svg via tools/render_pngs.mjs
satellites/odin/Odin-icon.svg,,repo maintainers,https://github.com/gamedaygeorge/satellite-visuals,CC BY 4.0,https://creativecommons.org/licenses/by/4.0/
satellites/odin/Odin.svg,,repo maintainers,https://github.com/gamedaygeorge/satellite-visuals,CC BY 4.0,https://creativecommons.org/licenses/by/4.0/
satellites/planet-dove/planet-dove-1024px.png,,repo maintainers,https://github.com/gamedaygeorge/satellite-visuals,CC BY 4.0,rendered from planet-dove.svg via tools/render_pngs.mjs
satellites/planet-dove/planet-dove-512px.png,,repo maintainers,https://github.com/gamedaygeorge/satellite-visuals,CC BY 4.0,rendered from planet-dove.svg via tools/render_pngs.mjs
satellites/planet-dove/planet-dove-icon.svg,,repo maintainers,https://github.com/gamedaygeorge/satellite-visuals,CC BY 4.0,https://creativecommons.org/licenses/by/4.0/
satellites/planet-dove/planet-dove.svg,,repo maintainers,https://github.com/gamedaygeorge/satellite-visuals,CC BY 4.0,https://creativecommons.org/licenses/by/4.0/
satellites/saocom-1a/Saocom-1a-1024px.png,,repo maintainers,https://github.com/gamedaygeorge/satellite-visuals,CC BY 4.0,rendered from Saocom-1a.svg via tools/render_pngs.mjs
satellites/saocom-1a/Saocom-1a-512px.png,,repo maintainers,https://github.com/gamedaygeorge/satellite-visuals,CC BY 4.0,rendered from Saocom-1a.svg via tools/render_pngs.mjs
satellites/saocom-1a/Saocom-1a-icon.svg,,repo maintainers,https://github.com/gamedaygeorge/satellite-visuals,CC BY 4.0,https://creativecommons.org/licenses/by/4.0/
satellites/saocom-1a/Saocom-1a.svg,,repo maintainers,https://github.com/gamedaygeorge/satellite-visuals,CC BY 4.0,https://creativecommons.org/licenses/by/4.0/
satellites/scisat-1/scisat-1-1024px.png,,repo maintainers,https://github.com/gamedaygeorge/satellite-visuals,CC BY 4.0,rendered from scisat-1.svg via tools/render_pngs.mjs
satellites/scisat-1/scisat-1-512px.png,,repo maintainers,https://github.com/gamedaygeorge/satellite-visuals,CC BY 4.0,rendered from scisat-1.svg via tools/render_pngs.mjs
satellites/scisat-1/scisat-1-icon.svg,,repo maintainers,https://github.com/gamedaygeorge/satellite-visuals,CC BY 4.0,https://creativecommons.org/licenses/by/4.0/
satellites/scisat-1/scisat-1.svg,,repo maintainers,https://github.com/gamedaygeorge/satellite-visuals,CC BY 4.0,https://creativecommons.org/licenses/by/4.0/
satellites/sentinel-1/Sentinal-1-1024px.png,,repo maintainers,https://github.com/gamedaygeorge/satellite-visuals,CC BY 4.0,rendered from Sentinal-1.svg via tools/render_pngs.mjs
satellites/sentinel-1/Sentinal-1-512px.png,,repo maintainers,https://github.com/gamedaygeorge/satellite-visuals,CC BY 4.0,rendered from Sentinal-1.svg via tools/render_pngs.mjs
satellites/sentinel-1/Sentinal-1-icon.svg,,repo maintainers,https://github.com/gamedaygeorge/satellite-visuals,CC BY 4.0,https://creativecommons.org/licenses/by/4.0/
satellites/sentinel-1/Sentinal-1.svg,,repo maintainers,https://github.com/gamedaygeorge/satellite-visuals,CC BY 4.0,https://creativecommons.org/licenses/by/4.0/
satellites/sentinel-1C/Sentinel-1c-1024px.png,,repo maintainers,https://github.com/gamedaygeorge/satellite-visuals,CC BY 4.0,rendered from Sentinel-1c.svg via tools/render_pngs.mjs
satellites/sentinel-1C/Sentinel-1c-512px.png,,repo maintainers,https://github.com/gamedaygeorge/satellite-visuals,CC BY 4.0,rendered from Sentinel-1c.svg via tools/render_pngs.mjs
satellites/sentinel-1C/Sentinel-1c-icon.svg,,repo maintainers,https://github.com/gamedaygeorge/satellite-visuals,CC BY 4.0,https://creativecommons.org/licenses/by/4.0/
satellites/sentinel-1C/Sentinel-1c.svg,,repo maintainers,https://github.com/gamedaygeorge/satellite-visuals,CC BY 4.0,https://creativecommons.org/licenses/by/4.0/
satellites/sentinel-2/Sentinel-2-1024px.png,,repo maintainers,https://github.com/gamedaygeorge/satellite-visuals,CC BY 4.0,rendered from Sentinel-2.svg via tools/render_pngs.mjs
satellites/sentinel-2/Sentinel-2-512px.png,,repo maintainers,https://github.com/gamedaygeorge/satellite-visuals,CC BY 4.0,rendered from Sentinel-2.svg via tools/render_pngs.mjs
satellites/sentinel-2/Sentinel-2-icon.svg,,repo maintainers,https://github.com/gamedaygeorge/satellite-visuals,CC BY 4.0,https://creativecommons.org/licenses/by/4.0/
satellites/sentinel-2/Sentinel-2.svg,,repo maintainers,https://github.com/gamedaygeorge/satellite-visuals,CC BY 4.0,https://creativecommons.org/licenses/by/4.0/
satellites/sentinel-2c/Sentinel-2c-1024px.png,,repo maintainers,https://github.com/gamedaygeorge/satellite-visuals,CC BY 4.0,rendered from Sentinel-2c.svg via tools/render_pngs.mjs
satellites/sentinel-2c/Sentinel-2c-512px.png,,repo maintainers,https://github.com/gamedaygeorge/satellite-visuals,CC BY 4.0,rendered from Sentinel-2c.svg via tools/render_pngs.mjs
satellites/sentinel-2c/Sentinel-2c-icon.svg,,repo maintainers,https://github.com/gamedaygeorge/satellite-visuals,CC BY 4.0,https://creativecommons.org/licenses/by/4.0/
satellites/sentinel-2c/Sentinel-2c.svg,,repo maintainers,https://github.com/gamedaygeorge/satellite-visuals,CC BY 4.0,https://creativecommons.org/licenses/by/4.0/
satellites/sentinel-3/Sentinel-3-1024px.png,,repo maintainers,https://github.com/gamedaygeorge/satellite-visuals,CC BY 4.0,rendered from Sentinel-3.svg via tools/render_pngs.mjs
satellites/sentinel-3/Sentinel-3-512px.png,,repo maintainers,https://github.com/gamedaygeorge/satellite-visuals,CC BY 4.0,rendered from Sentinel-3.svg via tools/render_pngs.mjs
satellites/sentinel-3/Sentinel-3-icon.svg,,repo maintainers,https://github.com/gamedaygeorge/satellite-visuals,CC BY 4.0,https://creativecommons.org/licenses/by/4.0/
satellites/sentinel-3/Sentinel-3.svg,,repo maintainers,https://github.com/gamedaygeorge/satellite-visuals,CC BY 4.0,https://creativecommons.org/licenses/by/4.0/
satellites/sentinel-4/Sentinel-4-1024px.png,,repo maintainers,https://github.com/gamedaygeorge/satellite-visuals,CC BY 4.0,rendered from Sentinel-4.svg via tools/render_pngs.mjs
satellites/sentinel-4/Sentinel-4-512px.png,,repo maintainers,https://github.com/gamedaygeorge/satellite-visuals,CC BY 4.0,rendered from Sentinel-4.svg via tools/render_pngs.mjs
satellites/sentinel-4/Sentinel-4-icon.svg,,repo maintainers,https://github.com/gamedaygeorge/satellite-visuals,CC BY 4.0,https://creativecommons.org/licenses/by/4.0/
satellites/sentinel-4/Sentinel-4.svg,,repo maintainers,https://github.com/gamedaygeorge/satellite-visuals,CC BY 4.0,https://creativecommons.org/licenses/by/4.0/
satellites/sentinel-5a/Sentinel-5a-1024px.png,,repo maintainers,https://github.com/gamedaygeorge/satellite-visuals,CC BY 4.0,rendered from Sentinel-5a.svg via tools/render_pngs.mjs
satellites/sentinel-5a/Sentinel-5a-512px.png,,repo maintainers,https://github.com/gamedaygeorge/satellite-visuals,CC BY 4.0,rendered from Sentinel-5a.svg via tools/render_pngs.mjs
satellites/sentinel-5a/Sentinel-5a-icon.svg,,repo maintainers,https://github.com/gamedaygeorge/satellite-visuals,CC BY 4.0,https://creativecommons.org/licenses/by/4.0/
satellites/sentinel-5a/Sentinel-5a.svg,,repo maintainers,https://github.com/gamedaygeorge/satellite-visuals,CC BY 4.0,https://creativecommons.org/licenses/by/4.0/
satellites/sentinel-5p/Sentinel-5p-1024px.png,,repo maintainers,https://github.com/gamedaygeorge/satellite-visuals,CC BY 4.0,rendered from Sentinel-5p.svg via tools/render_pngs.mjs
satellites/sentinel-5p/Sentinel-5p-512px.png,,repo maintainers,https://github.com/gamedaygeorge/satellite-visuals,CC BY 4.0,rendered from Sentinel-5p.svg via tools/render_pngs.mjs
satellites/sentinel-5p/Sentinel-5p-icon.svg,,repo maintainers,https://github.com/gamedaygeorge/satellite-visuals,CC BY 4.0,https://creativecommons.org/licenses/by/4.0/
satellites/sentinel-5p/Sentinel-5p.svg,,repo maintainers,https://github.com/gamedaygeorge/satellite-visuals,CC BY 4.0,https://creativecommons.org/licenses/by/4.0/
satellites/sentinel-6/sentinel-6-1024px.png,,repo maintainers,https://github.com/gamedaygeorge/satellite-visuals,CC BY 4.0,rendered from sentinel-6.svg via tools/render_pngs.mjs
satellites/sentinel-6/sentinel-6-512px-vectorizer.svg,,repo maintainers,https://github.com/gamedaygeorge/satellite-visuals,CC BY 4.0,https://creativecommons.org/licenses/by/4.0/
satellites/sentinel-6/sentinel-6-512px.png,,repo maintainers,https://github.com/gamedaygeorge/satellite-visuals,CC BY 4.0,rendered from sentinel-6.svg via tools/render_pngs.mjs
satellites/sentinel-6/sentinel-6-icon.svg,,repo maintainers,https://github.com/gamedaygeorge/satellite-visuals,CC BY 4.0,https://creativecommons.org/licenses/by/4.0/
satellites/sentinel-6/sentinel-6.svg,,repo maintainers,https://github.com/gamedaygeorge/satellite-visuals,CC BY 4.0,https://creativecommons.org/licenses/by/4.0/
satellites/swarm/swarm-1024px.png,,repo maintainers,https://github.com/gamedaygeorge/satellite-visuals,CC BY 4.0,rendered from swarm.svg via tools/render_pngs.mjs
satellites/swarm/swarm-512px.png,,repo maintainers,https://github.com/gamedaygeorge/satellite-visuals,CC BY 4.0,rendered from swarm.svg via tools/render_pngs.mjs
satellites/swarm/swarm-icon.svg,,repo maintainers,https://github.com/gamedaygeorge/satellite-visuals,CC BY 4.0,https://creativecommons.org/licenses/by/4.0/
satellites/swarm/swarm.svg,,repo maintainers,https://github.com/gamedaygeorge/satellite-visuals,CC BY 4.0,https://creativecommons.org/licenses/by/4.0/
